<?xml version="1.0" encoding="UTF-8"?>
<project-private xmlns="http://www.netbeans.org/ns/project-private/1">
    <editor-bookmarks xmlns="http://www.netbeans.org/ns/editor-bookmarks/2" lastBookmarkId="0"/>
    <open-files xmlns="http://www.netbeans.org/ns/projectui-open-files/2">
        <group>
            <file>file:/C:/Users/Leonardo/Documents/NetBeansProjects/t_10/src/t10_gui/controller/PostoController.java</file>
            <file>file:/C:/Users/Leonardo/Documents/NetBeansProjects/t_10/src/t10_gui/model/Combustivel.java</file>
            <file>file:/C:/Users/Leonardo/Documents/NetBeansProjects/t_10/src/t10_gui/model/TableModelPosto.java</file>
            <file>file:/C:/Users/Leonardo/Documents/NetBeansProjects/t_10/src/t10_gui/view/PostoView.java</file>
            <file>file:/C:/Users/Leonardo/Documents/NetBeansProjects/t_10/src/t10_gui/model/TableModelCombustivel.java</file>
            <file>file:/C:/Users/Leonardo/Documents/NetBeansProjects/t_10/src/t10_gui/Main.java</file>
            <file>file:/C:/Users/Leonardo/Documents/NetBeansProjects/t_10/src/t10_gui/view/CombustivelView.java</file>
            <file>file:/C:/Users/Leonardo/Documents/NetBeansProjects/t_10/src/t10_gui/model/Posto.java</file>
        </group>
    </open-files>
</project-private>
